{
  "xbest": [
-0.00022615892192455895,
1.0625273214559448,
-4.232264340596803,
-0.18154803350023796,
0.013825440861820314,
-1.8827025341182295,
-0.019936229488013737,
3.002395309337764,
0.019999954781211454,
-5.950983914849819,
1.9240990825999322,
1.4833552209947054,
-0.19666132767944267,
3.1908275187320214,
2.6626492643725848,
-3.24050725425275,
-5.550552163402754,
4.7957094800113715,
    2.6747882862190147,
    -3.072765719897827
  ],
  "fbest": 999224.4
}
"wd1 = chromosome[0]
wd2 = chromosome[1]
ar1 = chromosome[2]
ar2 = chromosome[3]
wc1 = chromosome[4]
wc2 = chromosome[5]
wc3 = chromosome[6]
wc4 = chromosome[7]
ws1 = chromosome[8]
ws2 = chromosome[9]
af1 = chromosome[10]
af2 = chromosome[11]
ss1 = chromosome[12]
ss2 = chromosome[13]
sm1 = chromosome[14]
sm2 = chromosome[15]
sm3 = chromosome[16]
sm4 = chromosome[17]
    sf1 = chromosome[18]
    sf2 = chromosome[19]"